{"accuracy": 0.5534, "precision": 0.5531972750760749, "recall": 0.5529310343114364}