{"accuracy": 0.6819, "precision": 0.6958216654137729, "recall": 0.6821240535568391}